File	Column_or_Item	Meaning	Calculation_or_Source	Notes
results/<Run>/	(directory)	Self-contained collated results for one numbered Binning run.	Generated from <Run>/ plus the matching <Condition>_Full baseline under the selected Binning data root.	Example: results/Soil_1/.
binning_results_summary.tsv	(file)	Compact master table combining scan recovery and peptide/protein gain metrics.	Joins the primary Individual/Pairwise recovery rows and the Individual-bin-size recovery rows with their corresponding distinct peptide/protein counts.	One row per analysis condition represented in the collated run.
main_partition_scan_recovery_summary.tsv	(file)	Scan recovery for the primary Individual-bin and Pairwise-bin analyses.	<Run>/<Condition>_Binning/{Group_Downstream,Pairwise_Downstream}/classical_guided_culling/classical_guided_*_reference_recovery_summary.tsv	
group_size_scan_recovery_summary.tsv	(file)	Scan recovery across tested Individual-bin sizes.	<Run>/<Condition>_Groups_<LABEL>/Group_Downstream/classical_guided_culling/classical_guided_group_reference_recovery_summary.tsv	
main_partition_peptide_protein_gains.tsv	(file)	Distinct peptide and protein counts and gains for the primary Individual and Pairwise analyses.	Counts distinct identifiers in annotated peptide/protein crosstabs from the relevant downstream output and subtracts the matching full-database distinct counts.	
group_size_peptide_protein_gains.tsv	(file)	Distinct peptide and protein counts and gains across Individual-bin sizes.	Counts distinct identifiers in annotated peptide/protein crosstabs from each size-series downstream output and subtracts the matching full-database distinct counts.	
input_manifest.tsv	(file)	Machine-readable provenance for source files used in one run's collation.	Generated by collate_binning_results.py.	Paths are stored relative to the selected Binning data root when possible.
results_guide.tsv	(file)	Run-specific quick guide to the collated output files.	Generated by collate_binning_results.py v1.4.3.	
recovery_inputs/	(directory)	Copies of the original small scan-recovery summaries used by the collator.	Copied from the numbered run's classical_guided_culling directories.	These files are copied for provenance and inspection; their metrics are validated but not recomputed by the collator.
recovery_inputs/main_individual_recovery_summary.tsv	(file)	Copied source recovery summary for the primary Individual-bin analysis.	<Run>/<Condition>_Binning/Group_Downstream/classical_guided_culling/classical_guided_group_reference_recovery_summary.tsv	
recovery_inputs/main_pairwise_recovery_summary.tsv	(file)	Copied source recovery summary for the primary Pairwise-bin analysis.	<Run>/<Condition>_Binning/Pairwise_Downstream/classical_guided_culling/classical_guided_pair_reference_recovery_summary.tsv	
recovery_inputs/group_<LABEL>_recovery_summary.tsv	(file)	Copied source recovery summary for one Individual-bin-size condition.	<Run>/<Condition>_Groups_<LABEL>/Group_Downstream/classical_guided_culling/classical_guided_group_reference_recovery_summary.tsv	
main_partition_fdr_overall_summary.tsv	(file)	Overall FDR-change statistics for the primary Individual-bin and Pairwise-bin analyses.	Reduced from the primary classic-vs-binned FDR audit tables when --include-fdr is used.	
main_partition_fdr_interval_summary.tsv	(file)	FDR-change statistics grouped by predefined full-database FDR intervals for the primary comparison.	Generated from the primary classic-vs-binned FDR audit tables when --include-fdr is used.	
main_partition_fdr_threshold_summary.tsv	(file)	Pass/fail transition counts at selected FDR thresholds for the primary comparison.	Generated from the primary classic-vs-binned FDR audit tables when --include-fdr is used.	
main_partition_fdr_manifest.tsv	(file)	Provenance and row-selection metadata for the primary FDR audit inputs.	Generated when --include-fdr is used.	
size_series_fdr_overall_summary.tsv	(file)	Overall FDR-change statistics across the Individual-bin-size series.	Reduced from size-series classic-vs-binned FDR audit tables when --include-fdr is used.	
size_series_fdr_interval_summary.tsv	(file)	FDR-change statistics grouped by predefined full-database FDR intervals for each bin size.	Generated from size-series classic-vs-binned FDR audit tables when --include-fdr is used.	
size_series_fdr_threshold_summary.tsv	(file)	Pass/fail transition counts at selected FDR thresholds for each bin size.	Generated from size-series classic-vs-binned FDR audit tables when --include-fdr is used.	
size_series_fdr_manifest.tsv	(file)	Provenance and row-selection metadata for size-series FDR audit inputs.	Generated when --include-fdr is used.	
matched_formula_peptide_protein_gains.tsv	(file)	Dataset-level peptide/protein changes after each numbered-series formula is applied only to its matched source sample and the matched corrected samples are combined.	Generated at the results root when Matched_Formula_Output is present and matched collation is not skipped.	Peptides are counted as distinct Peptide; PeptideFlanked is retained as a QC count; proteins are counted as distinct Protein.
matched_formula_input_manifest.tsv	(file)	Provenance and counting-rule audit for matched-formula peptide and protein crosstab inputs.	Generated by collate_binning_results.py from Matched_Formula_Output.	
matched_formula_results_guide.tsv	(file)	Compact guide to the matched-formula summary and manifest files.	Generated by collate_binning_results.py when matched outputs are collated.	
binning_results_summary.tsv	Dataset	Condition/environment name without the numeric run suffix.	Parsed from <Condition>_<integer>.	Examples: Fecal, Ocean, Soil.
binning_results_summary.tsv	Run	Numbered Binning run represented by the row.	Top-level numbered run directory name discovered by the collator.	Example: Soil_1.
binning_results_summary.tsv	AnalysisFamily	Analysis family represented by the row.	Pairwise for the primary Individual-bin vs Pairwise-bin comparison; size_series for the Individual-bin-size series.	This label is intentionally retained as Pairwise for the primary comparison.
binning_results_summary.tsv	PartitionStructure	Actual number and type of partitions present in the source analysis.	Counted directly from *_group_<N> or *_pair_<N>_<M> directories.	Examples: 9 groups, 36 pairs, 10 groups. This is not inferred from the recovery summary.
binning_results_summary.tsv	BinSize	Size-series label for the Individual-bin analysis; often a nominal peptide target such as 1.2M, but arbitrary labels are supported.	Parsed from <Condition>_Groups_<LABEL>.	Blank for the primary Individual/Pairwise comparison.
binning_results_summary.tsv	TotalReferenceScans	Number of full-database reference scans evaluated for recovery.	Read from TotalReferenceScans, ReferenceScans, or TotalScans in the source recovery summary.	
binning_results_summary.tsv	RecoveredScans	Reference scans recovered in at least one relevant partition.	Read from the accepted Individual- or Pairwise-recovery metric in the source recovery summary.	
binning_results_summary.tsv	UnrecoveredScans	Reference scans not recovered in any relevant partition.	Read from the accepted unrecovered metric and validated as TotalReferenceScans - RecoveredScans.	
binning_results_summary.tsv	RecoveredFraction	Fraction of reference scans recovered in at least one relevant partition.	Source recovery fraction, validated against RecoveredScans / TotalReferenceScans.	
binning_results_summary.tsv	UnrecoveredFraction	Fraction of reference scans unrecovered across all relevant partitions.	UnrecoveredScans / TotalReferenceScans.	
binning_results_summary.tsv	RecoveryPercent	RecoveredFraction expressed as a percentage.	RecoveredFraction × 100.	
binning_results_summary.tsv	LossPercent	UnrecoveredFraction expressed as a percentage.	UnrecoveredFraction × 100.	
binning_results_summary.tsv	BaselinePeptides	Distinct peptide-sequence count from the corresponding full-database analysis.	Distinct non-empty Peptide values in <Condition>_Full/peptide_crosstab_annotated.tsv.	Repeated peptide-to-protein mapping rows do not increase this count.
binning_results_summary.tsv	BaselinePeptideFlanked	Distinct flanked-peptide identifier count from the corresponding full-database analysis.	Distinct non-empty PeptideFlanked values in <Condition>_Full/peptide_crosstab_annotated.tsv.	Retained as a QC metric; distinct Peptide is the production peptide count.
binning_results_summary.tsv	BaselineProteins	Distinct protein identifier count from the corresponding full-database analysis.	Distinct non-empty Protein values in <Condition>_Full/protein_crosstab_annotated.tsv.	
binning_results_summary.tsv	CorrectedPeptides	Distinct peptide-sequence count from the corresponding partitioned/corrected downstream output.	Distinct non-empty Peptide values in protein_rollup/peptide_crosstab_annotated.tsv.	Repeated peptide-to-protein mapping rows do not increase this count.
binning_results_summary.tsv	CorrectedPeptideFlanked	Distinct flanked-peptide identifier count from the corresponding partitioned/corrected downstream output.	Distinct non-empty PeptideFlanked values in protein_rollup/peptide_crosstab_annotated.tsv.	Retained as a QC metric.
binning_results_summary.tsv	CorrectedProteins	Distinct protein identifier count from the corresponding partitioned/corrected downstream output.	Distinct non-empty Protein values in protein_rollup/protein_crosstab_annotated.tsv.	
binning_results_summary.tsv	PeptideGain	Net distinct-peptide change relative to the full-database baseline.	CorrectedPeptides - BaselinePeptides.	Positive values indicate more distinct peptide sequences; negative values indicate fewer.
binning_results_summary.tsv	PeptideFlankedGain	Net distinct flanked-peptide change relative to the full-database baseline.	CorrectedPeptideFlanked - BaselinePeptideFlanked.	QC metric.
binning_results_summary.tsv	ProteinGain	Net distinct-protein change relative to the full-database baseline.	CorrectedProteins - BaselineProteins.	Positive values indicate more distinct proteins; negative values indicate fewer.
main_partition_scan_recovery_summary.tsv	Dataset	Condition/environment name without the numeric run suffix.	Parsed from <Condition>_<integer>.	Examples: Fecal, Ocean, Soil.
main_partition_scan_recovery_summary.tsv	Run	Numbered Binning run represented by the row.	Top-level numbered run directory name discovered by the collator.	Example: Soil_1.
main_partition_scan_recovery_summary.tsv	PartitionStructure	Actual number and type of partitions present in the source analysis.	Counted directly from *_group_<N> or *_pair_<N>_<M> directories.	Examples: 9 groups, 36 pairs, 10 groups. This is not inferred from the recovery summary.
main_partition_scan_recovery_summary.tsv	TotalReferenceScans	Number of full-database reference scans evaluated for recovery.	Read from TotalReferenceScans, ReferenceScans, or TotalScans in the source recovery summary.	
main_partition_scan_recovery_summary.tsv	RecoveredScans	Reference scans recovered in at least one relevant partition.	Read from the accepted Individual- or Pairwise-recovery metric in the source recovery summary.	
main_partition_scan_recovery_summary.tsv	UnrecoveredScans	Reference scans not recovered in any relevant partition.	Read from the accepted unrecovered metric and validated as TotalReferenceScans - RecoveredScans.	
main_partition_scan_recovery_summary.tsv	RecoveredFraction	Fraction of reference scans recovered in at least one relevant partition.	Source recovery fraction, validated against RecoveredScans / TotalReferenceScans.	
main_partition_scan_recovery_summary.tsv	UnrecoveredFraction	Fraction of reference scans unrecovered across all relevant partitions.	UnrecoveredScans / TotalReferenceScans.	
main_partition_scan_recovery_summary.tsv	RecoveryPercent	RecoveredFraction expressed as a percentage.	RecoveredFraction × 100.	
main_partition_scan_recovery_summary.tsv	LossPercent	UnrecoveredFraction expressed as a percentage.	UnrecoveredFraction × 100.	
group_size_scan_recovery_summary.tsv	Dataset	Condition/environment name without the numeric run suffix.	Parsed from <Condition>_<integer>.	Examples: Fecal, Ocean, Soil.
group_size_scan_recovery_summary.tsv	Run	Numbered Binning run represented by the row.	Top-level numbered run directory name discovered by the collator.	Example: Soil_1.
group_size_scan_recovery_summary.tsv	BinSize	Size-series label for the Individual-bin analysis; often a nominal peptide target such as 1.2M, but arbitrary labels are supported.	Parsed from <Condition>_Groups_<LABEL>.	Blank for the primary Individual/Pairwise comparison.
group_size_scan_recovery_summary.tsv	PartitionStructure	Actual number and type of partitions present in the source analysis.	Counted directly from *_group_<N> or *_pair_<N>_<M> directories.	Examples: 9 groups, 36 pairs, 10 groups. This is not inferred from the recovery summary.
group_size_scan_recovery_summary.tsv	TotalReferenceScans	Number of full-database reference scans evaluated for recovery.	Read from TotalReferenceScans, ReferenceScans, or TotalScans in the source recovery summary.	
group_size_scan_recovery_summary.tsv	RecoveredScans	Reference scans recovered in at least one relevant partition.	Read from the accepted Individual- or Pairwise-recovery metric in the source recovery summary.	
group_size_scan_recovery_summary.tsv	UnrecoveredScans	Reference scans not recovered in any relevant partition.	Read from the accepted unrecovered metric and validated as TotalReferenceScans - RecoveredScans.	
group_size_scan_recovery_summary.tsv	RecoveredFraction	Fraction of reference scans recovered in at least one relevant partition.	Source recovery fraction, validated against RecoveredScans / TotalReferenceScans.	
group_size_scan_recovery_summary.tsv	UnrecoveredFraction	Fraction of reference scans unrecovered across all relevant partitions.	UnrecoveredScans / TotalReferenceScans.	
group_size_scan_recovery_summary.tsv	RecoveryPercent	RecoveredFraction expressed as a percentage.	RecoveredFraction × 100.	
group_size_scan_recovery_summary.tsv	LossPercent	UnrecoveredFraction expressed as a percentage.	UnrecoveredFraction × 100.	
main_partition_peptide_protein_gains.tsv	Dataset	Condition/environment name without the numeric run suffix.	Parsed from <Condition>_<integer>.	Examples: Fecal, Ocean, Soil.
main_partition_peptide_protein_gains.tsv	Run	Numbered Binning run represented by the row.	Top-level numbered run directory name discovered by the collator.	Example: Soil_1.
main_partition_peptide_protein_gains.tsv	PartitionStructure	Actual number and type of partitions present in the source analysis.	Counted directly from *_group_<N> or *_pair_<N>_<M> directories.	Examples: 9 groups, 36 pairs, 10 groups. This is not inferred from the recovery summary.
main_partition_peptide_protein_gains.tsv	DownstreamRoot	Project-relative downstream directory used for the row.	Recorded from the resolved Group_Downstream or Pairwise_Downstream path.	Relative to the selected Binning data root when possible.
main_partition_peptide_protein_gains.tsv	CorrectedPeptides	Distinct peptide-sequence count from the corresponding partitioned/corrected downstream output.	Distinct non-empty Peptide values in protein_rollup/peptide_crosstab_annotated.tsv.	Repeated peptide-to-protein mapping rows do not increase this count.
main_partition_peptide_protein_gains.tsv	CorrectedPeptideFlanked	Distinct flanked-peptide identifier count from the corresponding partitioned/corrected downstream output.	Distinct non-empty PeptideFlanked values in protein_rollup/peptide_crosstab_annotated.tsv.	Retained as a QC metric.
main_partition_peptide_protein_gains.tsv	CorrectedProteins	Distinct protein identifier count from the corresponding partitioned/corrected downstream output.	Distinct non-empty Protein values in protein_rollup/protein_crosstab_annotated.tsv.	
main_partition_peptide_protein_gains.tsv	BaselinePeptides	Distinct peptide-sequence count from the corresponding full-database analysis.	Distinct non-empty Peptide values in <Condition>_Full/peptide_crosstab_annotated.tsv.	Repeated peptide-to-protein mapping rows do not increase this count.
main_partition_peptide_protein_gains.tsv	BaselinePeptideFlanked	Distinct flanked-peptide identifier count from the corresponding full-database analysis.	Distinct non-empty PeptideFlanked values in <Condition>_Full/peptide_crosstab_annotated.tsv.	Retained as a QC metric; distinct Peptide is the production peptide count.
main_partition_peptide_protein_gains.tsv	BaselineProteins	Distinct protein identifier count from the corresponding full-database analysis.	Distinct non-empty Protein values in <Condition>_Full/protein_crosstab_annotated.tsv.	
main_partition_peptide_protein_gains.tsv	PeptideGain	Net distinct-peptide change relative to the full-database baseline.	CorrectedPeptides - BaselinePeptides.	Positive values indicate more distinct peptide sequences; negative values indicate fewer.
main_partition_peptide_protein_gains.tsv	PeptideFlankedGain	Net distinct flanked-peptide change relative to the full-database baseline.	CorrectedPeptideFlanked - BaselinePeptideFlanked.	QC metric.
main_partition_peptide_protein_gains.tsv	ProteinGain	Net distinct-protein change relative to the full-database baseline.	CorrectedProteins - BaselineProteins.	Positive values indicate more distinct proteins; negative values indicate fewer.
main_partition_peptide_protein_gains.tsv	PeptideSourceRows	Number of rows read from the annotated peptide crosstab.	len(peptide_crosstab_annotated.tsv).	Audit/QC only; not the peptide count.
main_partition_peptide_protein_gains.tsv	ProteinSourceRows	Number of rows read from the protein crosstab.	len(protein_crosstab_annotated.tsv).	Audit/QC only; not the protein count.
main_partition_peptide_protein_gains.tsv	PeptidePath	Exact annotated peptide crosstab source path used during collation.	Recorded by the collator.	Stored relative to the selected Binning data root when possible.
main_partition_peptide_protein_gains.tsv	ProteinPath	Exact protein crosstab source path used during collation.	Recorded by the collator.	Stored relative to the selected Binning data root when possible.
main_partition_peptide_protein_gains.tsv	BaselinePeptidePath	Exact full-database annotated peptide crosstab path used during collation.	Recorded by the collator.	Stored relative to the selected Binning data root when possible.
main_partition_peptide_protein_gains.tsv	BaselineProteinPath	Exact full-database protein crosstab path used during collation.	Recorded by the collator.	Stored relative to the selected Binning data root when possible.
group_size_peptide_protein_gains.tsv	Dataset	Condition/environment name without the numeric run suffix.	Parsed from <Condition>_<integer>.	Examples: Fecal, Ocean, Soil.
group_size_peptide_protein_gains.tsv	Run	Numbered Binning run represented by the row.	Top-level numbered run directory name discovered by the collator.	Example: Soil_1.
group_size_peptide_protein_gains.tsv	BinSize	Size-series label for the Individual-bin analysis; often a nominal peptide target such as 1.2M, but arbitrary labels are supported.	Parsed from <Condition>_Groups_<LABEL>.	Blank for the primary Individual/Pairwise comparison.
group_size_peptide_protein_gains.tsv	PartitionStructure	Actual number and type of partitions present in the source analysis.	Counted directly from *_group_<N> or *_pair_<N>_<M> directories.	Examples: 9 groups, 36 pairs, 10 groups. This is not inferred from the recovery summary.
group_size_peptide_protein_gains.tsv	DownstreamRoot	Project-relative downstream directory used for the row.	Recorded from the resolved Group_Downstream or Pairwise_Downstream path.	Relative to the selected Binning data root when possible.
group_size_peptide_protein_gains.tsv	CorrectedPeptides	Distinct peptide-sequence count from the corresponding partitioned/corrected downstream output.	Distinct non-empty Peptide values in protein_rollup/peptide_crosstab_annotated.tsv.	Repeated peptide-to-protein mapping rows do not increase this count.
group_size_peptide_protein_gains.tsv	CorrectedPeptideFlanked	Distinct flanked-peptide identifier count from the corresponding partitioned/corrected downstream output.	Distinct non-empty PeptideFlanked values in protein_rollup/peptide_crosstab_annotated.tsv.	Retained as a QC metric.
group_size_peptide_protein_gains.tsv	CorrectedProteins	Distinct protein identifier count from the corresponding partitioned/corrected downstream output.	Distinct non-empty Protein values in protein_rollup/protein_crosstab_annotated.tsv.	
group_size_peptide_protein_gains.tsv	BaselinePeptides	Distinct peptide-sequence count from the corresponding full-database analysis.	Distinct non-empty Peptide values in <Condition>_Full/peptide_crosstab_annotated.tsv.	Repeated peptide-to-protein mapping rows do not increase this count.
group_size_peptide_protein_gains.tsv	BaselinePeptideFlanked	Distinct flanked-peptide identifier count from the corresponding full-database analysis.	Distinct non-empty PeptideFlanked values in <Condition>_Full/peptide_crosstab_annotated.tsv.	Retained as a QC metric; distinct Peptide is the production peptide count.
group_size_peptide_protein_gains.tsv	BaselineProteins	Distinct protein identifier count from the corresponding full-database analysis.	Distinct non-empty Protein values in <Condition>_Full/protein_crosstab_annotated.tsv.	
group_size_peptide_protein_gains.tsv	PeptideGain	Net distinct-peptide change relative to the full-database baseline.	CorrectedPeptides - BaselinePeptides.	Positive values indicate more distinct peptide sequences; negative values indicate fewer.
group_size_peptide_protein_gains.tsv	PeptideFlankedGain	Net distinct flanked-peptide change relative to the full-database baseline.	CorrectedPeptideFlanked - BaselinePeptideFlanked.	QC metric.
group_size_peptide_protein_gains.tsv	ProteinGain	Net distinct-protein change relative to the full-database baseline.	CorrectedProteins - BaselineProteins.	Positive values indicate more distinct proteins; negative values indicate fewer.
group_size_peptide_protein_gains.tsv	PeptideSourceRows	Number of rows read from the annotated peptide crosstab.	len(peptide_crosstab_annotated.tsv).	Audit/QC only; not the peptide count.
group_size_peptide_protein_gains.tsv	ProteinSourceRows	Number of rows read from the protein crosstab.	len(protein_crosstab_annotated.tsv).	Audit/QC only; not the protein count.
group_size_peptide_protein_gains.tsv	PeptidePath	Exact annotated peptide crosstab source path used during collation.	Recorded by the collator.	Stored relative to the selected Binning data root when possible.
group_size_peptide_protein_gains.tsv	ProteinPath	Exact protein crosstab source path used during collation.	Recorded by the collator.	Stored relative to the selected Binning data root when possible.
group_size_peptide_protein_gains.tsv	BaselinePeptidePath	Exact full-database annotated peptide crosstab path used during collation.	Recorded by the collator.	Stored relative to the selected Binning data root when possible.
group_size_peptide_protein_gains.tsv	BaselineProteinPath	Exact full-database protein crosstab path used during collation.	Recorded by the collator.	Stored relative to the selected Binning data root when possible.
input_manifest.tsv	Run	Numbered run associated with the manifest entry.	Numbered run being collated.	
input_manifest.tsv	Category	Type of source represented by the entry.	Generated as baseline, recovery_input, or gain_input.	
input_manifest.tsv	Analysis	Analysis label associated with the source.	Generated from the analysis/partition label.	
input_manifest.tsv	SourcePath	Source file used by the collator.	Recorded during collation.	Project-relative when possible.
input_manifest.tsv	CopiedPath	Destination path for copied provenance inputs, when applicable.	Populated for copied recovery summaries; blank for uncopied source files.	
input_manifest.tsv	ValidationStatus	Validation status assigned by the collator.	PASS for successfully read/validated inputs included in the manifest.	
input_manifest.tsv	Notes	Compact audit details for the input.	May include metric counts, source row counts, and distinct-identifier counts.	
main_partition_fdr_overall_summary.tsv	Dataset	Condition/environment name.	Generated from the corresponding numbered run.	
main_partition_fdr_overall_summary.tsv	PartitionStructure	Actual number/type of partitions represented by the analysis.	Counted from the source partition directories.	
main_partition_fdr_overall_summary.tsv	N	Number of finite audit rows included in the FDR analysis.	Rows remaining after optional shared-only filtering and numeric validation.	
main_partition_fdr_overall_summary.tsv	UniquePeptides	Distinct peptide identifiers represented in the analyzed audit rows, when an identifier column is available.	Distinct UnmodifiedPeptide or CorePeptide values.	
main_partition_fdr_overall_summary.tsv	BaseFDRMean	Mean full-database FDR.	Mean BaseFDR.	
main_partition_fdr_overall_summary.tsv	BaseFDRMedian	Median full-database FDR.	Median BaseFDR.	
main_partition_fdr_overall_summary.tsv	BinnedFDRMean	Mean partition-derived FDR statistic.	Mean BinnedFDRMedian.	
main_partition_fdr_overall_summary.tsv	BinnedFDRMedian	Median partition-derived FDR statistic.	Median BinnedFDRMedian.	
main_partition_fdr_overall_summary.tsv	DeltaFDRMean	Mean partition-minus-full FDR change.	Mean(BinnedFDRMedian - BaseFDR).	Negative values indicate lower partition-derived FDR.
main_partition_fdr_overall_summary.tsv	DeltaFDRMedian	Median partition-minus-full FDR change.	Median(BinnedFDRMedian - BaseFDR).	Negative values indicate lower partition-derived FDR.
main_partition_fdr_overall_summary.tsv	DeltaFDRQ05	5th percentile of partition-minus-full FDR change.	Quantile 0.05 of DeltaFDR.	
main_partition_fdr_overall_summary.tsv	DeltaFDRQ25	25th percentile of partition-minus-full FDR change.	Quantile 0.25 of DeltaFDR.	
main_partition_fdr_overall_summary.tsv	DeltaFDRQ75	75th percentile of partition-minus-full FDR change.	Quantile 0.75 of DeltaFDR.	
main_partition_fdr_overall_summary.tsv	DeltaFDRQ95	95th percentile of partition-minus-full FDR change.	Quantile 0.95 of DeltaFDR.	
main_partition_fdr_overall_summary.tsv	ImprovedCount	Rows with lower partition-derived FDR.	Count where DeltaFDR < 0.	
main_partition_fdr_overall_summary.tsv	UnchangedCount	Rows with effectively unchanged FDR.	Count where DeltaFDR is numerically close to 0.	Uses the collator's numerical tolerance.
main_partition_fdr_overall_summary.tsv	WorsenedCount	Rows with higher partition-derived FDR.	Count where DeltaFDR > 0.	
main_partition_fdr_overall_summary.tsv	ImprovedFraction	Fraction of analyzed rows with lower partition-derived FDR.	ImprovedCount / N.	
main_partition_fdr_overall_summary.tsv	WorsenedFraction	Fraction of analyzed rows with higher partition-derived FDR.	WorsenedCount / N.	
size_series_fdr_overall_summary.tsv	Dataset	Condition/environment name.	Generated from the corresponding numbered run.	
size_series_fdr_overall_summary.tsv	BinSize	Size-series label for the Individual-bin analysis; often a nominal peptide target such as 1.2M, but arbitrary labels are supported.	Parsed from <Condition>_Groups_<LABEL>.	Present only in size-series FDR outputs.
size_series_fdr_overall_summary.tsv	PartitionStructure	Actual number/type of partitions represented by the analysis.	Counted from the source partition directories.	
size_series_fdr_overall_summary.tsv	N	Number of finite audit rows included in the FDR analysis.	Rows remaining after optional shared-only filtering and numeric validation.	
size_series_fdr_overall_summary.tsv	UniquePeptides	Distinct peptide identifiers represented in the analyzed audit rows, when an identifier column is available.	Distinct UnmodifiedPeptide or CorePeptide values.	
size_series_fdr_overall_summary.tsv	BaseFDRMean	Mean full-database FDR.	Mean BaseFDR.	
size_series_fdr_overall_summary.tsv	BaseFDRMedian	Median full-database FDR.	Median BaseFDR.	
size_series_fdr_overall_summary.tsv	BinnedFDRMean	Mean partition-derived FDR statistic.	Mean BinnedFDRMedian.	
size_series_fdr_overall_summary.tsv	BinnedFDRMedian	Median partition-derived FDR statistic.	Median BinnedFDRMedian.	
size_series_fdr_overall_summary.tsv	DeltaFDRMean	Mean partition-minus-full FDR change.	Mean(BinnedFDRMedian - BaseFDR).	Negative values indicate lower partition-derived FDR.
size_series_fdr_overall_summary.tsv	DeltaFDRMedian	Median partition-minus-full FDR change.	Median(BinnedFDRMedian - BaseFDR).	Negative values indicate lower partition-derived FDR.
size_series_fdr_overall_summary.tsv	DeltaFDRQ05	5th percentile of partition-minus-full FDR change.	Quantile 0.05 of DeltaFDR.	
size_series_fdr_overall_summary.tsv	DeltaFDRQ25	25th percentile of partition-minus-full FDR change.	Quantile 0.25 of DeltaFDR.	
size_series_fdr_overall_summary.tsv	DeltaFDRQ75	75th percentile of partition-minus-full FDR change.	Quantile 0.75 of DeltaFDR.	
size_series_fdr_overall_summary.tsv	DeltaFDRQ95	95th percentile of partition-minus-full FDR change.	Quantile 0.95 of DeltaFDR.	
size_series_fdr_overall_summary.tsv	ImprovedCount	Rows with lower partition-derived FDR.	Count where DeltaFDR < 0.	
size_series_fdr_overall_summary.tsv	UnchangedCount	Rows with effectively unchanged FDR.	Count where DeltaFDR is numerically close to 0.	Uses the collator's numerical tolerance.
size_series_fdr_overall_summary.tsv	WorsenedCount	Rows with higher partition-derived FDR.	Count where DeltaFDR > 0.	
size_series_fdr_overall_summary.tsv	ImprovedFraction	Fraction of analyzed rows with lower partition-derived FDR.	ImprovedCount / N.	
size_series_fdr_overall_summary.tsv	WorsenedFraction	Fraction of analyzed rows with higher partition-derived FDR.	WorsenedCount / N.	
main_partition_fdr_interval_summary.tsv	Dataset	Condition/environment name.	Generated from the corresponding numbered run.	
main_partition_fdr_interval_summary.tsv	PartitionStructure	Actual number/type of partitions represented by the analysis.	Counted from the source partition directories.	
main_partition_fdr_interval_summary.tsv	BaseFDRInterval	Human-readable full-database FDR interval.	Built from FDR_INTERVAL_EDGES defined in collate_binning_results.py.	
main_partition_fdr_interval_summary.tsv	IntervalLeft	Lower numeric interval boundary.	Defined by FDR_INTERVAL_EDGES.	
main_partition_fdr_interval_summary.tsv	IntervalRight	Upper numeric interval boundary.	Defined by FDR_INTERVAL_EDGES.	
main_partition_fdr_interval_summary.tsv	IntervalMidpoint	Interval midpoint used for plotting/reporting.	(IntervalLeft + IntervalRight) / 2.	
main_partition_fdr_interval_summary.tsv	N	Number of finite audit rows included in the FDR analysis.	Rows remaining after optional shared-only filtering and numeric validation.	
main_partition_fdr_interval_summary.tsv	DeltaFDRMean	Mean partition-minus-full FDR change.	Mean(BinnedFDRMedian - BaseFDR).	Negative values indicate lower partition-derived FDR.
main_partition_fdr_interval_summary.tsv	DeltaFDRMedian	Median partition-minus-full FDR change.	Median(BinnedFDRMedian - BaseFDR).	Negative values indicate lower partition-derived FDR.
main_partition_fdr_interval_summary.tsv	DeltaFDRQ25	25th percentile of partition-minus-full FDR change.	Quantile 0.25 of DeltaFDR.	
main_partition_fdr_interval_summary.tsv	DeltaFDRQ75	75th percentile of partition-minus-full FDR change.	Quantile 0.75 of DeltaFDR.	
main_partition_fdr_interval_summary.tsv	ImprovedFraction	Fraction of analyzed rows with lower partition-derived FDR.	ImprovedCount / N.	
main_partition_fdr_interval_summary.tsv	WorsenedFraction	Fraction of analyzed rows with higher partition-derived FDR.	WorsenedCount / N.	
size_series_fdr_interval_summary.tsv	Dataset	Condition/environment name.	Generated from the corresponding numbered run.	
size_series_fdr_interval_summary.tsv	BinSize	Size-series label for the Individual-bin analysis; often a nominal peptide target such as 1.2M, but arbitrary labels are supported.	Parsed from <Condition>_Groups_<LABEL>.	Present only in size-series FDR outputs.
size_series_fdr_interval_summary.tsv	PartitionStructure	Actual number/type of partitions represented by the analysis.	Counted from the source partition directories.	
size_series_fdr_interval_summary.tsv	BaseFDRInterval	Human-readable full-database FDR interval.	Built from FDR_INTERVAL_EDGES defined in collate_binning_results.py.	
size_series_fdr_interval_summary.tsv	IntervalLeft	Lower numeric interval boundary.	Defined by FDR_INTERVAL_EDGES.	
size_series_fdr_interval_summary.tsv	IntervalRight	Upper numeric interval boundary.	Defined by FDR_INTERVAL_EDGES.	
size_series_fdr_interval_summary.tsv	IntervalMidpoint	Interval midpoint used for plotting/reporting.	(IntervalLeft + IntervalRight) / 2.	
size_series_fdr_interval_summary.tsv	N	Number of finite audit rows included in the FDR analysis.	Rows remaining after optional shared-only filtering and numeric validation.	
size_series_fdr_interval_summary.tsv	DeltaFDRMean	Mean partition-minus-full FDR change.	Mean(BinnedFDRMedian - BaseFDR).	Negative values indicate lower partition-derived FDR.
size_series_fdr_interval_summary.tsv	DeltaFDRMedian	Median partition-minus-full FDR change.	Median(BinnedFDRMedian - BaseFDR).	Negative values indicate lower partition-derived FDR.
size_series_fdr_interval_summary.tsv	DeltaFDRQ25	25th percentile of partition-minus-full FDR change.	Quantile 0.25 of DeltaFDR.	
size_series_fdr_interval_summary.tsv	DeltaFDRQ75	75th percentile of partition-minus-full FDR change.	Quantile 0.75 of DeltaFDR.	
size_series_fdr_interval_summary.tsv	ImprovedFraction	Fraction of analyzed rows with lower partition-derived FDR.	ImprovedCount / N.	
size_series_fdr_interval_summary.tsv	WorsenedFraction	Fraction of analyzed rows with higher partition-derived FDR.	WorsenedCount / N.	
main_partition_fdr_threshold_summary.tsv	Dataset	Condition/environment name.	Generated from the corresponding numbered run.	
main_partition_fdr_threshold_summary.tsv	PartitionStructure	Actual number/type of partitions represented by the analysis.	Counted from the source partition directories.	
main_partition_fdr_threshold_summary.tsv	Threshold	FDR threshold evaluated.	Values defined by FDR_THRESHOLDS in collate_binning_results.py.	Current defaults are 0.01 and 0.05.
main_partition_fdr_threshold_summary.tsv	N	Number of finite audit rows included in the FDR analysis.	Rows remaining after optional shared-only filtering and numeric validation.	
main_partition_fdr_threshold_summary.tsv	BasePassCount	Rows passing the full-database FDR threshold.	BaseFDR <= Threshold.	
main_partition_fdr_threshold_summary.tsv	PartitionPassCount	Rows passing the partition-derived FDR threshold.	BinnedFDRMedian <= Threshold.	
main_partition_fdr_threshold_summary.tsv	NetPassChange	Net change in passing rows.	PartitionPassCount - BasePassCount.	
main_partition_fdr_threshold_summary.tsv	GainedPassCount	Rows newly passing after partition-derived FDR.	Base fails and partition passes.	
main_partition_fdr_threshold_summary.tsv	LostPassCount	Rows lost after partition-derived FDR.	Base passes and partition fails.	
main_partition_fdr_threshold_summary.tsv	PassBothCount	Rows passing under both FDR estimates.	Base passes AND partition passes.	
main_partition_fdr_threshold_summary.tsv	GainedUniquePeptides	Distinct peptide identifiers among newly passing rows, when an identifier column is available.	Distinct UnmodifiedPeptide or CorePeptide among GainedPassCount rows.	
main_partition_fdr_threshold_summary.tsv	LostUniquePeptides	Distinct peptide identifiers among lost rows, when an identifier column is available.	Distinct UnmodifiedPeptide or CorePeptide among LostPassCount rows.	
size_series_fdr_threshold_summary.tsv	Dataset	Condition/environment name.	Generated from the corresponding numbered run.	
size_series_fdr_threshold_summary.tsv	BinSize	Size-series label for the Individual-bin analysis; often a nominal peptide target such as 1.2M, but arbitrary labels are supported.	Parsed from <Condition>_Groups_<LABEL>.	Present only in size-series FDR outputs.
size_series_fdr_threshold_summary.tsv	PartitionStructure	Actual number/type of partitions represented by the analysis.	Counted from the source partition directories.	
size_series_fdr_threshold_summary.tsv	Threshold	FDR threshold evaluated.	Values defined by FDR_THRESHOLDS in collate_binning_results.py.	Current defaults are 0.01 and 0.05.
size_series_fdr_threshold_summary.tsv	N	Number of finite audit rows included in the FDR analysis.	Rows remaining after optional shared-only filtering and numeric validation.	
size_series_fdr_threshold_summary.tsv	BasePassCount	Rows passing the full-database FDR threshold.	BaseFDR <= Threshold.	
size_series_fdr_threshold_summary.tsv	PartitionPassCount	Rows passing the partition-derived FDR threshold.	BinnedFDRMedian <= Threshold.	
size_series_fdr_threshold_summary.tsv	NetPassChange	Net change in passing rows.	PartitionPassCount - BasePassCount.	
size_series_fdr_threshold_summary.tsv	GainedPassCount	Rows newly passing after partition-derived FDR.	Base fails and partition passes.	
size_series_fdr_threshold_summary.tsv	LostPassCount	Rows lost after partition-derived FDR.	Base passes and partition fails.	
size_series_fdr_threshold_summary.tsv	PassBothCount	Rows passing under both FDR estimates.	Base passes AND partition passes.	
size_series_fdr_threshold_summary.tsv	GainedUniquePeptides	Distinct peptide identifiers among newly passing rows, when an identifier column is available.	Distinct UnmodifiedPeptide or CorePeptide among GainedPassCount rows.	
size_series_fdr_threshold_summary.tsv	LostUniquePeptides	Distinct peptide identifiers among lost rows, when an identifier column is available.	Distinct UnmodifiedPeptide or CorePeptide among LostPassCount rows.	
main_partition_fdr_manifest.tsv	Dataset	Condition/environment name.	Generated from the corresponding numbered run.	
main_partition_fdr_manifest.tsv	Run	Numbered run associated with the FDR audit input.	Numbered run being collated.	
main_partition_fdr_manifest.tsv	PartitionStructure	Actual number/type of partitions represented by the analysis.	Counted from the source partition directories.	
main_partition_fdr_manifest.tsv	InputPath	Project-relative classic-vs-binned FDR audit input path.	Recorded by the collator.	
main_partition_fdr_manifest.tsv	InputRows	Rows read from the source audit table before filtering.	Row count of the loaded audit table.	
main_partition_fdr_manifest.tsv	AnalysisRows	Rows retained for FDR summary calculations.	Rows remaining after shared-only filtering and finite numeric checks.	
main_partition_fdr_manifest.tsv	SharedOnly	Whether only ComparisonStatus == shared rows were analyzed.	Current collator default is True.	
main_partition_fdr_manifest.tsv	BinnedStatistic	Partition-derived FDR statistic selected from the audit table.	Current collator value is Median, corresponding to BinnedFDRMedian.	
main_partition_fdr_manifest.tsv	PeptideColumn	Peptide identifier column used for unique-peptide summaries, when available.	UnmodifiedPeptide preferred; CorePeptide used as fallback; blank if neither exists.	
main_partition_fdr_manifest.tsv	ValidationStatus	Validation status for the source audit input.	PASS when the input was successfully processed.	
size_series_fdr_manifest.tsv	Dataset	Condition/environment name.	Generated from the corresponding numbered run.	
size_series_fdr_manifest.tsv	Run	Numbered run associated with the FDR audit input.	Numbered run being collated.	
size_series_fdr_manifest.tsv	BinSize	Size-series label for the Individual-bin analysis; often a nominal peptide target such as 1.2M, but arbitrary labels are supported.	Parsed from <Condition>_Groups_<LABEL>.	Present only in size-series FDR outputs.
size_series_fdr_manifest.tsv	PartitionStructure	Actual number/type of partitions represented by the analysis.	Counted from the source partition directories.	
size_series_fdr_manifest.tsv	InputPath	Project-relative classic-vs-binned FDR audit input path.	Recorded by the collator.	
size_series_fdr_manifest.tsv	InputRows	Rows read from the source audit table before filtering.	Row count of the loaded audit table.	
size_series_fdr_manifest.tsv	AnalysisRows	Rows retained for FDR summary calculations.	Rows remaining after shared-only filtering and finite numeric checks.	
size_series_fdr_manifest.tsv	SharedOnly	Whether only ComparisonStatus == shared rows were analyzed.	Current collator default is True.	
size_series_fdr_manifest.tsv	BinnedStatistic	Partition-derived FDR statistic selected from the audit table.	Current collator value is Median, corresponding to BinnedFDRMedian.	
size_series_fdr_manifest.tsv	PeptideColumn	Peptide identifier column used for unique-peptide summaries, when available.	UnmodifiedPeptide preferred; CorePeptide used as fallback; blank if neither exists.	
size_series_fdr_manifest.tsv	ValidationStatus	Validation status for the source audit input.	PASS when the input was successfully processed.	
matched_formula_peptide_protein_gains.tsv	Dataset	Condition/environment name.	Condition family discovered from numbered runs.	
matched_formula_peptide_protein_gains.tsv	ApplicationMode	Description of how correction formulas were applied.	Written as 'Matched formulas applied to source samples'.	
matched_formula_peptide_protein_gains.tsv	AnalysisFamily	Analysis family represented by the matched output.	Pairwise for the primary Individual/Pairwise designs; Bin Size Series for size-series designs.	
matched_formula_peptide_protein_gains.tsv	FormulaDesign	Human-readable matched formula design label.	Individual Bins, Pairwise Bins, or <LABEL> Individual Bins.	
matched_formula_peptide_protein_gains.tsv	PartitionStructure	Actual number/type of partitions represented by the source formula design.	Counted from the first numbered run for the condition.	
matched_formula_peptide_protein_gains.tsv	BinSize	Size-series label for matched Individual-bin formulas; often a nominal peptide target, but arbitrary labels are supported.	Analysis directory name for size-series matched outputs.	Blank for Individual and Pairwise matched designs.
matched_formula_peptide_protein_gains.tsv	MatchedOutputRoot	Project-relative matched-analysis directory.	Recorded from Matched_Formula_Output/<Condition>/<Analysis>.	
matched_formula_peptide_protein_gains.tsv	BaselinePeptides	Distinct peptide-sequence count from the corresponding full-database analysis.	Distinct non-empty Peptide values in <Condition>_Full/peptide_crosstab_annotated.tsv.	Repeated peptide-to-protein mapping rows do not increase this count.
matched_formula_peptide_protein_gains.tsv	CorrectedPeptides	Distinct peptide-sequence count from the combined matched-formula downstream output.	Distinct non-empty Peptide values in <matched analysis>/protein_rollup/peptide_crosstab_annotated.tsv.	
matched_formula_peptide_protein_gains.tsv	PeptideGain	Net distinct-peptide change relative to the full-database baseline.	CorrectedPeptides - BaselinePeptides.	Positive values indicate more distinct peptide sequences; negative values indicate fewer.
matched_formula_peptide_protein_gains.tsv	BaselinePeptideFlanked	Distinct flanked-peptide identifier count from the corresponding full-database analysis.	Distinct non-empty PeptideFlanked values in <Condition>_Full/peptide_crosstab_annotated.tsv.	Retained as a QC metric; distinct Peptide is the production peptide count.
matched_formula_peptide_protein_gains.tsv	CorrectedPeptideFlanked	Distinct flanked-peptide identifier count from the combined matched-formula downstream output.	Distinct non-empty PeptideFlanked values in <matched analysis>/protein_rollup/peptide_crosstab_annotated.tsv.	QC metric.
matched_formula_peptide_protein_gains.tsv	PeptideFlankedGain	Net distinct flanked-peptide change relative to the full-database baseline.	CorrectedPeptideFlanked - BaselinePeptideFlanked.	QC metric.
matched_formula_peptide_protein_gains.tsv	BaselineProteins	Distinct protein identifier count from the corresponding full-database analysis.	Distinct non-empty Protein values in <Condition>_Full/protein_crosstab_annotated.tsv.	
matched_formula_peptide_protein_gains.tsv	CorrectedProteins	Distinct protein identifier count from the combined matched-formula downstream output.	Distinct non-empty Protein values in <matched analysis>/protein_rollup/protein_crosstab_annotated.tsv.	
matched_formula_peptide_protein_gains.tsv	ProteinGain	Net distinct-protein change relative to the full-database baseline.	CorrectedProteins - BaselineProteins.	Positive values indicate more distinct proteins; negative values indicate fewer.
matched_formula_peptide_protein_gains.tsv	PeptideSourceRows	Number of rows read from the annotated peptide crosstab.	len(peptide_crosstab_annotated.tsv).	Audit/QC only; not the peptide count.
matched_formula_peptide_protein_gains.tsv	ProteinSourceRows	Number of rows read from the protein crosstab.	len(protein_crosstab_annotated.tsv).	Audit/QC only; not the protein count.
matched_formula_peptide_protein_gains.tsv	PeptidePath	Exact annotated peptide crosstab source path used during collation.	Recorded by the collator.	Stored relative to the selected Binning data root when possible.
matched_formula_peptide_protein_gains.tsv	ProteinPath	Exact protein crosstab source path used during collation.	Recorded by the collator.	Stored relative to the selected Binning data root when possible.
matched_formula_peptide_protein_gains.tsv	BaselinePeptidePath	Exact full-database annotated peptide crosstab path used during collation.	Recorded by the collator.	Stored relative to the selected Binning data root when possible.
matched_formula_peptide_protein_gains.tsv	BaselineProteinPath	Exact full-database protein crosstab path used during collation.	Recorded by the collator.	Stored relative to the selected Binning data root when possible.
matched_formula_input_manifest.tsv	Dataset	Condition/environment name.	Condition family discovered from numbered runs.	
matched_formula_input_manifest.tsv	Analysis	Matched analysis label.	Individual, Pairwise, or the discovered size label.	
matched_formula_input_manifest.tsv	FileType	Input file category represented by the manifest row.	peptide or protein.	
matched_formula_input_manifest.tsv	SourcePath	Project-relative matched-output crosstab source path.	Recorded by the collator.	
matched_formula_input_manifest.tsv	ValidationStatus	Validation status for the source file.	PASS when the file was successfully read and counted.	
matched_formula_input_manifest.tsv	CountingRule	Entity-counting rule used for the source file.	Peptide rows: distinct Peptide plus distinct PeptideFlanked QC; protein rows: distinct Protein.	
matched_formula_input_manifest.tsv	Notes	Compact row-count and distinct-count audit details.	Generated from the source crosstab.	
matched_formula_results_guide.tsv	File	Matched results file described by the guide.	Generated by the collator.	
matched_formula_results_guide.tsv	Meaning	Short explanation of the matched results file.	Generated by the collator.	
matched_formula_results_guide.tsv	CountingRule	Counting rule associated with the described matched output.	Generated by the collator.	
results_guide.tsv	File	Collated output file or file pattern being described.	Generated from the collator's built-in guide definitions.	
results_guide.tsv	Meaning	Short description of the output's purpose.	Generated from the collator's built-in guide definitions.	
results_guide.tsv	Relative_Source_or_Derivation	Relative source path or derivation description for the output.	Generated from the current run and condition paths.	
