Dataset	Run	AnalysisFamily	PartitionStructure	BinSize	TotalReferenceScans	RecoveredScans	UnrecoveredScans	RecoveryPercent	BaselinePeptides	CorrectedPeptides	PeptideGain	BaselineProteins	CorrectedProteins	ProteinGain
Fecal	Fecal_1	Pairwise	9 groups		250061	250042	19	99.99240185394764	4179	4333	154	17034	17702	668
Fecal	Fecal_1	Pairwise	36 pairs		250061	250055	6	99.99760058545716	4179	4289	110	17034	17330	296
Fecal	Fecal_1	size_series	10 groups	1.2M	250061	250041	20	99.99200195152382	4179	4376	197	17034	17776	742
Fecal	Fecal_1	size_series	21 groups	600k	250061	250051	10	99.99600097576192	4179	4407	228	17034	17854	820
Fecal	Fecal_1	size_series	41 groups	300k	250061	250058	3	99.99880029272856	4179	4450	271	17034	17937	903
Fecal	Fecal_1	size_series	82 groups	150k	250061	250060	1	99.9996000975762	4179	4469	290	17034	17978	944
Fecal	Fecal_1	size_series	164 groups	75k	250061	250061	0	100.0	4179	4567	388	17034	18203	1169
Fecal	Fecal_2	Pairwise	9 groups		253967	253951	16	99.9936999688936	4179	4380	201	17034	17785	751
Fecal	Fecal_2	Pairwise	36 pairs		253967	253961	6	99.9976374883351	4179	4288	109	17034	17329	295
Fecal	Fecal_2	size_series	10 groups	1.2M	253967	253952	15	99.99409372083775	4179	4445	266	17034	17933	899
Fecal	Fecal_2	size_series	21 groups	600k	253967	253960	7	99.99724373639096	4179	4476	297	17034	17991	957
Fecal	Fecal_2	size_series	41 groups	300k	253967	253964	3	99.99881874416756	4179	4650	471	17034	18454	1420
Fecal	Fecal_2	size_series	82 groups	150k	253967	253965	2	99.9992124961117	4179	4735	556	17034	18640	1606
Fecal	Fecal_2	size_series	164 groups	75k	253967	253965	2	99.9992124961117	4179	4590	411	17034	18250	1216
Fecal	Fecal_3	Pairwise	9 groups		250930	250921	9	99.9964133423664	4179	4349	170	17034	17718	684
Fecal	Fecal_3	Pairwise	36 pairs		250930	250926	4	99.99840592994065	4179	4291	112	17034	17341	307
Fecal	Fecal_3	size_series	10 groups	1.2M	250930	250920	10	99.99601482485156	4179	4325	146	17034	17496	462
Fecal	Fecal_3	size_series	21 groups	600k	250930	250927	3	99.99880444745548	4179	4484	305	17034	18013	979
Fecal	Fecal_3	size_series	41 groups	300k	250930	250928	2	99.99920296497032	4179	4538	359	17034	18132	1098
Fecal	Fecal_3	size_series	82 groups	150k	250930	250930	0	100.0	4179	4818	639	17034	18760	1726
Fecal	Fecal_3	size_series	164 groups	75k	250930	250930	0	100.0	4179	4812	633	17034	18745	1711
Fecal	Fecal_4	Pairwise	9 groups		252867	252850	17	99.9932770982374	4179	4471	292	17034	17980	946
Fecal	Fecal_4	Pairwise	36 pairs		252867	252858	9	99.99644081671391	4179	4367	188	17034	17742	708
Fecal	Fecal_4	size_series	10 groups	1.2M	252867	252854	13	99.99485895747569	4179	4526	347	17034	18104	1070
Fecal	Fecal_4	size_series	21 groups	600k	252867	252859	8	99.9968362815235	4179	4568	389	17034	18203	1169
Fecal	Fecal_4	size_series	41 groups	300k	252867	252860	7	99.99723174633304	4179	4663	484	17034	18474	1440
Fecal	Fecal_4	size_series	82 groups	150k	252867	252864	3	99.99881360557131	4179	4781	602	17034	18709	1675
Fecal	Fecal_4	size_series	164 groups	75k	252867	252867	0	100.0	4179	4771	592	17034	18703	1669
Ocean	Ocean_1	Pairwise	9 groups		49316	49312	4	99.99188904209588	14285	15136	851	39884	40964	1080
Ocean	Ocean_1	Pairwise	36 pairs		49316	49314	2	99.99594452104792	14285	14901	616	39884	40660	776
Ocean	Ocean_1	size_series	17 groups	1.2M	49316	49315	1	99.99797226052397	14285	15558	1273	39884	41532	1648
Ocean	Ocean_1	size_series	35 groups	600k	49316	49313	3	99.9939167815719	14285	15990	1705	39884	42169	2285
Ocean	Ocean_1	size_series	69 groups	300k	49316	49315	1	99.99797226052397	14285	16090	1805	39884	42333	2449
Ocean	Ocean_1	size_series	139 groups	150k	49316	49314	2	99.99594452104792	14285	15851	1566	39884	41994	2110
Ocean	Ocean_1	size_series	277 groups	75k	49316	49314	2	99.99594452104792	14285	15740	1455	39884	41728	1844
Ocean	Ocean_2	Pairwise	9 groups		40084	40083	1	99.9975052389981	14285	14296	11	39884	39896	12
Ocean	Ocean_2	Pairwise	36 pairs		40084	40083	1	99.9975052389981	14285	14108	-177	39884	39643	-241
Ocean	Ocean_2	size_series	17 groups	1.2M	40084	40083	1	99.9975052389981	14285	14426	141	39884	40038	154
Ocean	Ocean_2	size_series	35 groups	600k	40084	40084	0	100.0	14285	13842	-443	39884	39316	-568
Ocean	Ocean_2	size_series	69 groups	300k	40084	40084	0	100.0	14285	13475	-810	39884	38777	-1107
Ocean	Ocean_2	size_series	139 groups	150k	40084	40084	0	100.0	14285	14643	358	39884	40323	439
Ocean	Ocean_2	size_series	277 groups	75k	40084	40084	0	100.0	14285	15433	1148	39884	41392	1508
Ocean	Ocean_3	Pairwise	9 groups		46573	46564	9	99.98067549867947	14285	15589	1304	39884	41569	1685
Ocean	Ocean_3	Pairwise	36 pairs		46573	46568	5	99.98926416593304	14285	15585	1300	39884	41565	1681
Ocean	Ocean_3	size_series	17 groups	1.2M	46573	46566	7	99.98496983230626	14285	15981	1696	39884	42160	2276
Ocean	Ocean_3	size_series	35 groups	600k	46573	46570	3	99.99355849955982	14285	15108	823	39884	40935	1051
Ocean	Ocean_3	size_series	69 groups	300k	46573	46571	2	99.99570566637324	14285	16283	1998	39884	42569	2685
Ocean	Ocean_3	size_series	139 groups	150k	46573	46570	3	99.99355849955982	14285	16638	2353	39884	43110	3226
Ocean	Ocean_3	size_series	277 groups	75k	46573	46570	3	99.99355849955982	14285	17262	2977	39884	43861	3977
Ocean	Ocean_4	Pairwise	9 groups		45685	45671	14	99.9693553682828	14285	15060	775	39884	40874	990
Ocean	Ocean_4	Pairwise	36 pairs		45685	45677	8	99.98248878187589	14285	14669	384	39884	40350	466
Ocean	Ocean_4	size_series	17 groups	1.2M	45685	45674	11	99.97592207507935	14285	14971	686	39884	40754	870
Ocean	Ocean_4	size_series	35 groups	600k	45685	45680	5	99.98905548867243	14285	15383	1098	39884	41334	1450
Ocean	Ocean_4	size_series	69 groups	300k	45685	45681	4	99.99124439093796	14285	15409	1124	39884	41363	1479
Ocean	Ocean_4	size_series	139 groups	150k	45685	45682	3	99.99343329320348	14285	16011	1726	39884	42190	2306
Ocean	Ocean_4	size_series	277 groups	75k	45685	45684	1	99.99781109773448	14285	15812	1527	39884	41881	1997
Soil	Soil_1	Pairwise	9 groups		40237	40212	25	99.93786813132192	2125	2275	150	11832	13158	1326
Soil	Soil_1	Pairwise	36 pairs		40237	40222	15	99.96272087879316	2125	2197	72	11832	12774	942
Soil	Soil_1	size_series	11 groups	1.2M	40237	40214	23	99.94283868081617	2125	2332	207	11832	13411	1579
Soil	Soil_1	size_series	22 groups	600k	40237	40222	15	99.96272087879316	2125	2325	200	11832	13395	1563
Soil	Soil_1	size_series	44 groups	300k	40237	40229	8	99.98011780202302	2125	2429	304	11832	13986	2154
Soil	Soil_1	size_series	88 groups	150k	40237	40235	2	99.99502945050575	2125	2630	505	11832	14468	2636
Soil	Soil_1	size_series	177 groups	75k	40237	40236	1	99.99751472525288	2125	2432	307	11832	13995	2163
Soil	Soil_2	Pairwise	9 groups		37913	37898	15	99.96043573444466	2125	2301	176	11832	13207	1375
Soil	Soil_2	Pairwise	36 pairs		37913	37907	6	99.98417429377784	2125	2197	72	11832	12774	942
Soil	Soil_2	size_series	11 groups	1.2M	37913	37895	18	99.95252288133358	2125	2275	150	11832	13158	1326
Soil	Soil_2	size_series	22 groups	600k	37913	37901	12	99.96834858755572	2125	2429	304	11832	13986	2154
Soil	Soil_2	size_series	44 groups	300k	37913	37911	2	99.99472476459262	2125	2565	440	11832	14327	2495
Soil	Soil_2	size_series	88 groups	150k	37913	37913	0	100.0	2125	2565	440	11832	14327	2495
Soil	Soil_2	size_series	177 groups	75k	37913	37913	0	100.0	2125	2647	522	11832	15102	3270
Soil	Soil_3	Pairwise	9 groups		39027	39015	12	99.96925205626874	2125	2269	144	11832	13145	1313
Soil	Soil_3	Pairwise	36 pairs		39027	39021	6	99.98462602813436	2125	2181	56	11832	12740	908
Soil	Soil_3	size_series	11 groups	1.2M	39027	39019	8	99.97950137084582	2125	2303	178	11832	13209	1377
Soil	Soil_3	size_series	22 groups	600k	39027	39020	7	99.9820636994901	2125	2332	207	11832	13411	1579
Soil	Soil_3	size_series	44 groups	300k	39027	39023	4	99.98975068542292	2125	2352	227	11832	13667	1835
Soil	Soil_3	size_series	88 groups	150k	39027	39026	1	99.99743767135573	2125	2565	440	11832	14327	2495
Soil	Soil_3	size_series	177 groups	75k	39027	39026	1	99.99743767135573	2125	2660	535	11832	15117	3285
Soil	Soil_4	Pairwise	9 groups		38941	38919	22	99.94350427569914	2125	2171	46	11832	12726	894
Soil	Soil_4	Pairwise	36 pairs		38941	38929	12	99.96918415038137	2125	2136	11	11832	11841	9
Soil	Soil_4	size_series	11 groups	1.2M	38941	38922	19	99.9512082381038	2125	2136	11	11832	11841	9
Soil	Soil_4	size_series	22 groups	600k	38941	38929	12	99.96918415038137	2125	2320	195	11832	13392	1560
Soil	Soil_4	size_series	44 groups	300k	38941	38933	8	99.97945610025424	2125	2395	270	11832	13856	2024
Soil	Soil_4	size_series	88 groups	150k	38941	38936	5	99.9871600626589	2125	2565	440	11832	14327	2495
Soil	Soil_4	size_series	177 groups	75k	38941	38940	1	99.9974320125318	2125	2518	393	11832	14207	2375
